Ticker;Entree;Sortie;Raison;Prix_E;Prix_S;Pnl%;Mise_EUR;PnL_EUR;Capital_Avant;Capital_Apres;Cumul_PnL
CNX;2017-03-01;2017-04-03;DROPPED_FROM_TOP;13,388375;13,99;4,46;600;26,76;3000;948,88;26,76
FCX;2017-03-01;2017-04-03;DROPPED_FROM_TOP;12,64310361;11,94;-5,55;480;-26,64;2400;1402,24;0,12
NVDA;2017-03-01;2017-04-03;REBALANCE_ADJUST;2,534055228;2,67;5,44;384;20,89;1920;1807,13;21,01
OKE;2017-03-01;2017-04-03;REBALANCE_ADJUST;31,40809906;31,36;-0,14;307,2;-0,43;1536;2113,9;20,58
URI;2017-03-01;2017-04-03;REBALANCE_ADJUST;128,7323483;119,53;-7,15;245,76;-17,57;1228,8;2342,09;3,01
CSX;2017-04-03;2017-05-01;DROPPED_FROM_TOP;13,71591168;15,13;10,34;196,61;20,33;983,04;984,39;23,34
MU;2017-04-03;2017-05-01;REBALANCE_ADJUST;27,96015077;27,62;-1,22;157,29;-1,92;786,43;1139,76;21,42
NVDA;2017-04-03;2017-05-01;REBALANCE_ADJUST;2,671863654;2,63;-1,61;125,83;-2,03;629,15;1263,56;19,39
OKE;2017-04-03;2017-05-01;REBALANCE_ADJUST;31,36273514;30,41;-3,05;100,66;-3,07;503,32;1361,16;16,32
URI;2017-04-03;2017-05-01;REBALANCE_ADJUST;119,5330107;105,1;-12,07;80,53;-9,72;402,65;1431,97;6,6
URI;2017-05-01;2017-06-01;DROPPED_FROM_TOP;105,1017924;105,94;0,8;468,42;3,75;2342,09;1058,7;23,35
RF;2017-05-01;2017-06-01;DROPPED_FROM_TOP;9,811901327;9,74;-0,78;374,73;-2,92;1873,67;1430,51;108,51
OKE;2017-05-01;2017-06-01;DROPPED_FROM_TOP;30,40735108;28,88;-5,04;299,79;-15,11;1498,94;1715,19;93,4
NVDA;2017-05-01;2017-06-01;REBALANCE_ADJUST;2,628967684;3,56;35,51;239,83;85,16;1199,15;2040,18;90,48
MU;2017-05-01;2017-06-01;REBALANCE_ADJUST;27,6184665;30,03;8,73;191,86;16,75;959,32;2248,8;94,23
AMAT;2017-06-01;2017-07-03;REBALANCE_ADJUST;41,77534567;37,24;-10,85;286,39;-31,07;1431,97;992,21;63,16
MU;2017-06-01;2017-07-03;REBALANCE_ADJUST;30,0298358;28,45;-5,27;229,11;-12,07;1145,57;1209,25;51,09
NVDA;2017-06-01;2017-07-03;REBALANCE_ADJUST;3,562617725;3,44;-3,48;183,29;-6,38;916,46;1386,16;44,71
STX;2017-06-01;2017-07-03;DROPPED_FROM_TOP;29,70312201;27,08;-8,82;146,63;-12,93;733,17;1519,86;31,78
AMAT;2017-07-03;2017-08-01;DROPPED_FROM_TOP;37,24361586;39,97;7,32;449,76;32,92;2248,8;980,71;64,7
CSX;2017-07-03;2017-08-01;REBALANCE_ADJUST;16,09805409;14,36;-10,81;359,81;-38,9;1799,04;1301,62;25,8
MU;2017-07-03;2017-08-01;REBALANCE_ADJUST;28,44828261;27,67;-2,75;287,85;-7,92;1439,23;1581,55;17,88
NVDA;2017-07-03;2017-08-01;REBALANCE_ADJUST;3,438483629;4,06;18,06;230,28;41,59;1151,38;1853,42;59,47
WDC;2017-07-03;2017-08-01;REBALANCE_ADJUST;58,23096332;58,49;0,45;184,22;0,83;921,11;2038,47;60,3
WDC;2017-08-01;2017-09-01;REBALANCE_ADJUST;58,49040829;61,73;5,53;303,97;16,81;1519,86;1155,74;63,59
MU;2017-08-01;2017-09-01;REBALANCE_ADJUST;27,66727663;31,83;15,03;243,18;36,55;1215,89;1435,46;70,83
NVDA;2017-08-01;2017-09-01;REBALANCE_ADJUST;4,059398494;4,21;3,72;194,54;7,24;972,71;1637,24;57,46
BBY;2017-08-01;2017-09-01;DROPPED_FROM_TOP;43,22287864;39,51;-8,59;155,63;-13,37;778,17;1779,51;74,27
CSX;2017-08-01;2017-09-01;DROPPED_FROM_TOP;14,35796488;14,74;2,64;124,51;3,29;622,53;1907,3;110,82
MU;2017-09-01;2017-10-02;REBALANCE_ADJUST;31,82615548;39,06;22,73;407,69;92,67;2038,47;1125,35;203,49
NFLX;2017-09-01;2017-10-02;DROPPED_FROM_TOP;17,49147493;17,68;1,1;326,15;3,59;1630,77;1455,09;207,08
NVDA;2017-09-01;2017-10-02;REBALANCE_ADJUST;4,210434484;4,42;5,01;260,92;13,07;1304,62;1729,09;220,15
WDC;2017-09-01;2017-10-02;REBALANCE_ADJUST;61,72658573;57,26;-7,24;208,74;-15,11;1043,7;1922,71;205,04
HAR;2017-10-02;2017-11-01;REBALANCE_ADJUST;11661,65;9779,77;-16,14;381,46;-61,57;1907,3;949,93;143,47
MU;2017-10-02;2017-11-01;REBALANCE_ADJUST;39,06025766;43,33;10,92;305,17;33,32;1525,84;1288,42;176,79
NRG;2017-10-02;2017-11-01;REBALANCE_ADJUST;21,04734582;20,46;-2,78;244,13;-6,79;1220,67;1525,77;170
NVDA;2017-10-02;2017-11-01;REBALANCE_ADJUST;4,421375768;5,12;15,75;195,31;30,76;976,54;1751,84;200,76
WDC;2017-10-02;2017-11-01;DROPPED_FROM_TOP;57,25643706;61,15;6,8;156,25;10,62;781,23;1918,71;211,38
MU;2017-11-01;2017-12-01;REBALANCE_ADJUST;43,32653597;40,99;-5,39;384,54;-20,73;1922,71;992,54;242,19
NVDA;2017-11-01;2017-12-01;REBALANCE_ADJUST;5,117928195;4,89;-4,53;307,63;-13,94;1538,17;1286,24;250,6
NRG;2017-11-01;2017-12-01;REBALANCE_ADJUST;20,46301803;23,03;12,52;246,11;30,81;1230,54;1563,16;265,31
HAR;2017-11-01;2017-12-01;REBALANCE_ADJUST;9779,77;10510,5;7,47;196,89;14,71;984,43;1774,75;251,37
BA;2017-11-01;2017-12-01;DROPPED_FROM_TOP;245,2764645;258,36;5,34;157,51;8,41;787,54;1940,67;230,64
BBBY;2017-12-01;2018-01-02;REBALANCE_ADJUST;42,34229924;64,71;52,84;383,74;202,77;1918,71;1222,43;433,41
HAR;2017-12-01;2018-01-02;REBALANCE_ADJUST;10510,5;8618,61;-18;306,99;-55,26;1534,97;1474,16;378,15
MU;2017-12-01;2018-01-02;REBALANCE_ADJUST;40,99326096;42,63;4;245,59;9,82;1227,97;1729,58;387,97
NRG;2017-12-01;2018-01-02;REBALANCE_ADJUST;23,02501236;23,81;3,4;196,48;6,68;982,38;1932,74;394,65
NVDA;2017-12-01;2018-01-02;REBALANCE_ADJUST;4,886173635;4,93;0,84;157,18;1,32;785,9;2091,24;395,97
BBBY;2018-01-02;2018-02-01;REBALANCE_ADJUST;64,71465153;66,72;3,09;388,13;11,99;1940,67;1085,38;407,96
HAR;2018-01-02;2018-02-01;REBALANCE_ADJUST;8618,61;9269,26;7,55;310,51;23,44;1552,53;1419,33;431,4
MU;2018-01-02;2018-02-01;DROPPED_FROM_TOP;42,63337677;41,4;-2,9;248,41;-7,2;1242,03;1660,54;424,2
NRG;2018-01-02;2018-02-01;REBALANCE_ADJUST;23,80761447;21,8;-8,44;198,72;-16,77;993,62;1842,49;407,43
NVDA;2018-01-02;2018-02-01;DROPPED_FROM_TOP;4,927451272;5,93;20,4;158,98;32,43;794,9;2033,9;439,86
VRTX;2018-02-01;2018-03-01;DROPPED_FROM_TOP;173,1629955;165,66;-4,33;418,25;-18,11;2091,24;1066,61;416,99
NRG;2018-02-01;2018-03-01;DROPPED_FROM_TOP;21,79791063;22,16;1,65;334,6;5,52;1672,99;1406,72;399,69
HAR;2018-02-01;2018-03-01;REBALANCE_ADJUST;9269,26;10510,5;13,39;267,68;35,84;1338,39;1710,24;435,53
FSLR;2018-02-01;2018-03-01;REBALANCE_ADJUST;67,61755305;62,15;-8,08;214,14;-17,3;1070,71;1907,08;441,05
BBBY;2018-02-01;2018-03-01;REBALANCE_ADJUST;66,71665153;57,81;-13,35;171,31;-22,87;856,57;2055,53;422,94
BBBY;2018-03-01;2018-04-02;REBALANCE_ADJUST;57,80775;32,88;-43,12;406,78;-175,4;2033,9;904,93;247,54
FSLR;2018-03-01;2018-04-02;DROPPED_FROM_TOP;62,15209015;69,32;11,53;325,42;37,52;1627,12;1267,88;285,06
HAR;2018-03-01;2018-04-02;REBALANCE_ADJUST;10510,5;8808,8;-16,19;260,34;-42,15;1301,7;1486,07;242,91
NVDA;2018-03-01;2018-04-02;REBALANCE_ADJUST;5,743238646;5,47;-4,81;208,27;-10,02;1041,36;1684,32;232,89
PYPL;2018-03-01;2018-04-02;DROPPED_FROM_TOP;78,04275513;74,28;-4,82;166,62;-8,03;833,09;1842,91;224,86
BA;2018-04-02;2018-05-01;DROPPED_FROM_TOP;309,1086961;315,28;2;411,11;8,22;2055,53;1023,21;233,08
BBBY;2018-04-02;2018-05-01;REBALANCE_ADJUST;32,88284847;38,29;16,44;328,88;54,07;1644,42;1406,16;287,15
HAR;2018-04-02;2018-05-01;REBALANCE_ADJUST;8808,8;5755,75;-34,66;263,11;-91,19;1315,54;1578,08;195,96
NFLX;2018-04-02;2018-05-01;REBALANCE_ADJUST;28,05702833;31,36;11,78;210,49;24,8;1052,43;1813,36;220,76
NVDA;2018-04-02;2018-05-01;REBALANCE_ADJUST;5,46721894;5,62;2,76;168,39;4,65;841,94;1986,4;225,41
NVDA;2018-05-01;2018-06-01;REBALANCE_ADJUST;5,617843009;6,38;13,49;368,58;49,72;1842,91;1069,21;228,25
NFLX;2018-05-01;2018-06-01;REBALANCE_ADJUST;31,36132992;36,03;14,88;294,87;43,88;1474,33;1407,95;207,28
FSLR;2018-05-01;2018-06-01;REBALANCE_ADJUST;67,57751214;66;-2,34;235,89;-5,52;1179,46;1638,32;251,16
BBBY;2018-05-01;2018-06-01;REBALANCE_ADJUST;38,28825;34,03;-11,11;188,71;-20,97;943,57;1806,07;300,88
HAR;2018-05-01;2018-06-01;DROPPED_FROM_TOP;5755,75;5864,13;1,88;150,97;2,84;754,85;1959,88;295,36
BBBY;2018-06-01;2018-07-02;REBALANCE_ADJUST;34,034;33,98;-0,15;397,28;-0,6;1986,4;1199,45;294,76
FSLR;2018-06-01;2018-07-02;DROPPED_FROM_TOP;65,99593031;53;-19,7;317,82;-62,61;1589,12;1454,66;232,15
NFLX;2018-06-01;2018-07-02;REBALANCE_ADJUST;36,02899303;39,86;10,63;254,26;27,03;1271,29;1735,95;259,18
NRG;2018-06-01;2018-07-02;DROPPED_FROM_TOP;27,99362766;25,52;-8,85;203,41;-18;1017,04;1921,35;241,18
NVDA;2018-06-01;2018-07-02;DROPPED_FROM_TOP;6,375642936;5,98;-6,16;162,73;-10,02;813,63;2074,05;231,16
BBBY;2018-07-02;2018-08-01;REBALANCE_ADJUST;33,98395076;35,54;4,57;391,98;17,91;1959,88;1089,51;249,07
FOSL;2018-07-02;2018-08-01;REBALANCE_ADJUST;27,14712084;26,42;-2,69;313,58;-8,44;1567,9;1394,66;240,63
NFLX;2018-07-02;2018-08-01;REBALANCE_ADJUST;39,85781879;33,87;-15,02;250,86;-37,68;1254,32;1607,84;202,95
VLO;2018-07-02;2018-08-01;DROPPED_FROM_TOP;79,86149711;85,21;6,7;200,69;13,45;1003,46;1821,98;216,4
URBN;2018-08-01;2018-09-04;REBALANCE_ADJUST;43,73368863;48,31;10,46;414,81;43,39;2074,05;1055,23;228,7
NTAP;2018-08-01;2018-09-04;DROPPED_FROM_TOP;63,96199991;71,45;11,71;331,85;38,86;1659,24;1425,94;199,69
FOSL;2018-08-01;2018-09-04;REBALANCE_ADJUST;26,41638939;22,22;-15,88;265,48;-42,16;1327,4;1649,26;238,55
BBBY;2018-08-01;2018-09-04;REBALANCE_ADJUST;35,5355;30,68;-13,66;212,38;-29,01;1061,92;1832,63;281,94
NFLX;2018-08-01;2018-09-04;DROPPED_FROM_TOP;33,87183925;36,32;7,24;169,91;12,3;849,53;2014,84;239,78
BBBY;2018-09-04;2018-10-01;DROPPED_FROM_TOP;30,68064962;28,34;-7,62;364,4;-27,77;1821,98;1161,91;212,01
FOSL;2018-09-04;2018-10-01;REBALANCE_ADJUST;22,22220076;21,34;-3,96;291,52;-11,54;1457,59;1441,88;200,47
GWW;2018-09-04;2018-10-01;REBALANCE_ADJUST;321,9041937;322,02;0,04;233,21;0,09;1166,07;1675,19;200,56
THC;2018-09-04;2018-10-01;DROPPED_FROM_TOP;32,86283183;28,02;-14,73;186,57;-27,48;932,85;1834,27;173,08
URBN;2018-09-04;2018-10-01;REBALANCE_ADJUST;48,30825832;40,08;-17,03;149,26;-25,42;746,28;1958,11;147,66
FOSL;2018-10-01;2018-11-01;REBALANCE_ADJUST;21,34131969;23,24;8,91;402,97;35,9;2014,84;1080,51;183,56
GWW;2018-10-01;2018-11-01;REBALANCE_ADJUST;322,0218344;259,17;-19,52;322,37;-62,93;1611,87;1339,95;120,63
NFLX;2018-10-01;2018-11-01;REBALANCE_ADJUST;38,18114456;31,77;-16,79;257,9;-43,3;1289,49;1554,55;77,33
URBN;2018-10-01;2018-11-01;DROPPED_FROM_TOP;40,08004092;40,03;-0,13;206,32;-0,27;1031,6;1760,6;77,06
FOSL;2018-11-01;2018-12-03;REBALANCE_ADJUST;23,24321931;20,71;-10,9;391,62;-42,69;1958,11;1070,08;38,84
NTAP;2018-11-01;2018-12-03;DROPPED_FROM_TOP;65,03069449;57,1;-12,2;313,3;-38,22;1566,49;1345,15;56,47
NFLX;2018-11-01;2018-12-03;DROPPED_FROM_TOP;31,76973887;29;-8,72;250,64;-21,86;1253,19;1573,94;68,9
AMZN;2018-11-01;2018-12-03;DROPPED_FROM_TOP;83,35977338;88,53;6,2;200,51;12,43;1002,55;1786,88;26,21
GWW;2018-11-01;2018-12-03;DROPPED_FROM_TOP;259,173282;287,66;10,99;160,41;17,63;802,04;1964,92;4,35
AAP;2018-12-03;2019-01-02;DROPPED_FROM_TOP;156,0068184;138,27;-11,37;352,12;-40,04;1760,6;1116,91;-35,69
FOSL;2018-12-03;2019-01-02;REBALANCE_ADJUST;20,71069053;16,62;-19,77;281,7;-55,69;1408,48;1342,92;-91,38
M;2018-12-03;2019-01-02;DROPPED_FROM_TOP;25,05240928;22,66;-9,57;225,36;-21,57;1126,78;1546,71;-112,95
UAA;2018-12-03;2019-01-02;DROPPED_FROM_TOP;24,01398977;17,79;-25,91;180,29;-46,71;901,43;1680,28;-159,66
THC;2019-01-02;2019-02-01;ABSOLUTE_MOMENTUM_OFF;17,78777046;22,08;24,12;392,98;94,79;1964,92;2168,05;-123,17
FOSL;2019-01-02;2019-02-01;ABSOLUTE_MOMENTUM_OFF;16,61660038;16,77;0,94;314,39;2,96;1571,93;2485,4;-28,38
HCA;2019-01-02;2019-02-01;ABSOLUTE_MOMENTUM_OFF;114,4793781;131,09;14,51;251,51;36,49;1257,55;2773,4;-25,42
TRIP;2019-01-02;2019-02-01;ABSOLUTE_MOMENTUM_OFF;48,26473874;51,19;6,06;201,21;12,19;1006,04;2986,8;-13,23
SE;2019-04-01;2019-05-01;REBALANCE_ADJUST;23,37335038;24,99;6,94;597,36;41,46;2986,8;959,52;-25,32
CMG;2019-04-01;2019-05-01;REBALANCE_ADJUST;14,12891525;13,78;-2,43;477,89;-11,61;2389,44;1425,8;-57,51
LLY;2019-04-01;2019-05-01;REBALANCE_ADJUST;117,7624278;107,84;-8,42;382,31;-32,19;1911,55;1775,92;-58,12
ANDV;2019-04-01;2019-05-01;DROPPED_FROM_TOP;153,6535;153,35;-0,2;305,85;-0,61;1529,24;2081,15;-69,73
AES;2019-04-01;2019-05-01;REBALANCE_ADJUST;13,74867261;13,07;-4,94;244,68;-12,09;1223,39;2313,74;-28,27
AES;2019-05-01;2019-06-03;DROPPED_FROM_TOP;13,07008866;12,3;-5,93;195,74;-11,61;978,71;942,3;-39,88
AZO;2019-05-01;2019-06-03;REBALANCE_ADJUST;1024,923924;1038,69;1,34;156,59;2,1;782,97;1101;-37,78
CMG;2019-05-01;2019-06-03;REBALANCE_ADJUST;13,78497138;12,85;-6,81;125,28;-8,53;626,38;1217,74;-46,31
LLY;2019-05-01;2019-06-03;DROPPED_FROM_TOP;107,8431862;106,94;-0,84;100,22;-0,84;501,1;1317,12;-47,15
SE;2019-05-01;2019-06-03;REBALANCE_ADJUST;24,99496931;28;12,01;80,18;9,63;400,88;1406,92;-37,52
AZO;2019-06-03;2019-07-01;REBALANCE_ADJUST;1038,687674;1099,89;5,89;462,75;27,26;2313,74;1066,28;-10,26
CMG;2019-06-03;2019-07-01;DROPPED_FROM_TOP;12,84603366;14,49;12,82;370,2;47,46;1851;1483,94;37,2
QCOM;2019-06-03;2019-07-01;DROPPED_FROM_TOP;56,41892283;66,08;17,12;296,16;50,7;1480,8;1830,8;87,9
SE;2019-06-03;2019-07-01;REBALANCE_ADJUST;27,99796931;34,3;22,52;236,93;53,36;1184,64;2121,08;141,26
VRSN;2019-06-03;2019-07-01;DROPPED_FROM_TOP;186,6872332;207,92;11,38;189,54;21,57;947,71;2332,2;162,83
SE;2019-07-01;2019-08-01;REBALANCE_ADJUST;34,30427046;35,33;2,98;281,38;8,39;1406,92;1053,98;163,36
MKC;2019-07-01;2019-08-01;DROPPED_FROM_TOP;67,93573438;68,8;1,28;225,11;2,88;1125,54;1281,97;164,91
CHD;2019-07-01;2019-08-01;DROPPED_FROM_TOP;67,71784245;68,3;0,86;180,09;1,55;900,43;1463,61;167,79
AZO;2019-07-01;2019-08-01;REBALANCE_ADJUST;1099,888829;1103,92;0,37;144,07;0,53;720,35;1608,21;176,18
AZO;2019-08-01;2019-09-03;REBALANCE_ADJUST;1103,922766;1103,93;0;466,44;0;2332,2;993,42;176,18
CINF;2019-08-01;2019-09-03;DROPPED_FROM_TOP;89,54159295;94,74;5,8;373,15;21,64;1865,76;1388,21;197,82
CMG;2019-08-01;2019-09-03;REBALANCE_ADJUST;15,82440903;16,57;4,74;298,52;14,15;1492,61;1700,88;211,97
SBUX;2019-08-01;2019-09-03;REBALANCE_ADJUST;81,84382413;83,35;1,84;238,82;4,39;1194,08;1944,09;216,36
SE;2019-08-01;2019-09-03;REBALANCE_ADJUST;35,32529092;30,91;-12,5;191,05;-23,88;955,27;2111,27;192,48
AZO;2019-09-03;2019-10-01;DROPPED_FROM_TOP;1103,932786;1082,59;-1,93;321,64;-6,21;1608,21;1180,21;186,27
CMG;2019-09-03;2019-10-01;REBALANCE_ADJUST;16,57395715;16,59;0,12;257,31;0,31;1286,57;1437,83;186,58
HSY;2019-09-03;2019-10-01;REBALANCE_ADJUST;136,430056;132,13;-3,15;205,85;-6,48;1029,25;1637,2;180,1
SBUX;2019-09-03;2019-10-01;REBALANCE_ADJUST;83,35129629;74,51;-10,6;164,68;-17,46;823,4;1784,42;162,64
SE;2019-09-03;2019-10-01;REBALANCE_ADJUST;30,91087916;31,32;1,33;131,74;1,75;658,72;1917,92;164,39
SE;2019-10-01;2019-11-01;REBALANCE_ADJUST;31,32129092;29,93;-4,44;422,25;-18,75;2111,27;1031,97;147,48
SBUX;2019-10-01;2019-11-01;DROPPED_FROM_TOP;74,51400713;71,53;-4,01;337,8;-13,55;1689,01;1356,23;127,86
CMG;2019-10-01;2019-11-01;REBALANCE_ADJUST;16,59337619;15,39;-7,26;270,24;-19,62;1351,21;1606,85;109,11
HSY;2019-10-01;2019-11-01;DROPPED_FROM_TOP;132,1306101;121,8;-7,82;216,19;-16,91;1080,97;1806,14;95,56
AMT;2019-11-01;2019-12-02;DROPPED_FROM_TOP;178,5034747;173,23;-2,96;383,58;-11,35;1917,92;1112,02;84,21
CMG;2019-11-01;2019-12-02;REBALANCE_ADJUST;15,3879722;16,29;5,87;306,87;18,01;1534,34;1436,9;102,22
KLAC;2019-11-01;2019-12-02;REBALANCE_ADJUST;15,94515515;14,97;-6,14;245,49;-15,07;1227,47;1667,32;87,15
LRCX;2019-11-01;2019-12-02;REBALANCE_ADJUST;25,80404326;24,38;-5,51;196,39;-10,82;981,97;1852,9;76,33
SE;2019-11-01;2019-12-02;REBALANCE_ADJUST;29,92989962;36,61;22,31;157,12;35,05;785,58;2045,07;111,38
SE;2019-12-02;2020-01-02;REBALANCE_ADJUST;36,60656969;40,08;9,49;361,23;34,28;1806,14;1233,17;136,87
CMG;2019-12-02;2020-01-02;REBALANCE_ADJUST;16,29187603;17,18;5,46;288,98;15,78;1444,91;1537,93;171,15
KLAC;2019-12-02;2020-01-02;REBALANCE_ADJUST;14,96663282;16,97;13,36;231,19;30,89;1155,93;1800;186,93
LRCX;2019-12-02;2020-01-02;REBALANCE_ADJUST;24,3833678;27,74;13,78;184,95;25,49;924,74;2010,43;217,82
SE;2020-01-02;2020-02-03;REBALANCE_ADJUST;40,08004092;46,42;15,81;409,01;64,66;2045,07;1297,15;219,62
LRCX;2020-01-02;2020-02-03;REBALANCE_ADJUST;27,74344831;28,73;3,54;327,21;11,58;1636,05;1635,95;201,51
KLAC;2020-01-02;2020-02-03;REBALANCE_ADJUST;16,96546154;15,79;-6,92;261,77;-18,11;1308,84;1879,6;213,09
CMG;2020-01-02;2020-02-03;DROPPED_FROM_TOP;17,18096309;17,33;0,86;209,41;1,8;1047,07;2090,81;277,75
KLAC;2020-02-03;2020-03-02;DROPPED_FROM_TOP;15,79087867;14,79;-6,31;402,09;-25,37;2010,43;1061,83;252,38
LRCX;2020-02-03;2020-03-02;REBALANCE_ADJUST;28,72600108;27,97;-2,63;321,67;-8,46;1608,35;1375,04;243,92
SE;2020-02-03;2020-03-02;REBALANCE_ADJUST;46,41636893;48,09;3,6;257,34;9,26;1286,68;1641,64;253,18
TGT;2020-02-03;2020-03-02;DROPPED_FROM_TOP;94,22431054;91,67;-2,71;205,87;-5,58;1029,34;1841,93;247,6
QCOM;2020-03-02;2020-04-01;DROPPED_FROM_TOP;69,89071323;57,51;-17,71;418,16;-74,06;2090,81;1098,56;206,11
NVDA;2020-03-02;2020-04-01;REBALANCE_ADJUST;6,882621996;6,05;-12,07;334,53;-40,38;1672,65;1392,71;178,97
SE;2020-03-02;2020-04-01;REBALANCE_ADJUST;48,08804092;43,21;-10,14;267,62;-27,14;1338,12;1633,2;135,82
AAPL;2020-03-02;2020-04-01;REBALANCE_ADJUST;72,2058923;58,21;-19,38;214,1;-41,49;1070,5;1805,81;61,76
LRCX;2020-03-02;2020-04-01;REBALANCE_ADJUST;27,97069368;20,92;-25,19;171,28;-43,15;856,4;1933,94;21,38
NVDA;2020-04-01;2020-05-01;ABSOLUTE_MOMENTUM_OFF;6,052017365;7,03;16,1;368,39;59,31;1841,93;2361,64;67,94
SE;2020-04-01;2020-05-01;ABSOLUTE_MOMENTUM_OFF;43,21316817;54,73;26,64;294,71;78,51;1473,54;2734,86;77,41
AAPL;2020-04-01;2020-05-01;ABSOLUTE_MOMENTUM_OFF;58,21467736;69,71;19,75;235,77;46,56;1178,84;3017,19;136,72
LRCX;2020-04-01;2020-05-01;ABSOLUTE_MOMENTUM_OFF;20,92421027;21,98;5,02;188,61;9,47;943,07;3215,27;215,23
SE;2020-06-01;2020-07-01;REBALANCE_ADJUST;82,55247122;114,57;38,79;643,05;249,44;3215,27;1237,73;237,01
REGN;2020-06-01;2020-07-01;REBALANCE_ADJUST;595,1538855;604,78;1,62;514,44;8,33;2572,22;1760,51;242,51
HUM;2020-06-01;2020-07-01;DROPPED_FROM_TOP;380,1477734;370,6;-2,51;411,55;-10,33;2057,77;2161,73;491,95
NEM;2020-06-01;2020-07-01;DROPPED_FROM_TOP;50,72811427;51,58;1,67;329,24;5,5;1646,22;2496,48;500,28
NVDA;2020-06-01;2020-07-01;REBALANCE_ADJUST;8,770406962;9,5;8,27;263,4;21,78;1316,98;2781,65;489,95
AAPL;2020-07-01;2020-08-03;REBALANCE_ADJUST;88,22349608;105,58;19,68;210,72;41,47;1053,58;1163,68;531,42
BBBY;2020-07-01;2020-08-03;REBALANCE_ADJUST;30,10006969;83,04;175,89;168,57;296,5;842,86;1628,75;827,92
NVDA;2020-07-01;2020-08-03;REBALANCE_ADJUST;9,49554143;10,97;15,53;134,86;20,94;674,29;1784,55;848,86
REGN;2020-07-01;2020-08-03;REBALANCE_ADJUST;604,7839894;640,53;5,91;107,89;6,38;539,43;1898,82;855,24
SE;2020-07-01;2020-08-03;REBALANCE_ADJUST;114,5744591;132,88;15,98;86,31;13,79;431,55;1998,92;869,03
AAPL;2020-08-03;2020-09-01;REBALANCE_ADJUST;105,5818252;130,28;23,39;556,33;130,13;2781,65;1505,21;999,16
BBBY;2020-08-03;2020-09-01;REBALANCE_ADJUST;83,04295908;88,52;6,59;445,06;29,33;2225,32;1979,61;1028,49
NVDA;2020-08-03;2020-09-01;REBALANCE_ADJUST;10,97044072;13,78;25,57;356,05;91,04;1780,26;2426,7;1119,53
REGN;2020-08-03;2020-09-01;DROPPED_FROM_TOP;640,5347313;587,24;-8,32;284,84;-23,7;1424,21;2687,84;1095,83
SE;2020-08-03;2020-09-01;REBALANCE_ADJUST;132,88275;161,96;21,88;227,87;49,86;1139,37;2965,58;1145,69
SE;2020-09-01;2020-10-01;REBALANCE_ADJUST;161,9618031;160,16;-1,11;399,78;-4,44;1998,92;1367,11;1119,16
NVDA;2020-09-01;2020-10-01;REBALANCE_ADJUST;13,77514921;13,57;-1,49;319,83;-4,77;1599,14;1682,17;1105,96
BBBY;2020-09-01;2020-10-01;REBALANCE_ADJUST;88,51843031;83,95;-5,16;255,86;-13,2;1279,31;1924,83;1101,19
AAPL;2020-09-01;2020-10-01;REBALANCE_ADJUST;130,2811825;113,4;-12,96;204,69;-26,53;1023,45;2102,99;1096,75
AAPL;2020-10-01;2020-11-02;REBALANCE_ADJUST;113,396494;105,61;-6,87;593,12;-40,75;2965,58;1413,75;1056
ADT;2020-10-01;2020-11-02;DROPPED_FROM_TOP;7,135250452;5,86;-17,93;474,49;-85,08;2372,46;1803,17;970,92
BBBY;2020-10-01;2020-11-02;REBALANCE_ADJUST;83,95387275;58,44;-30,39;379,59;-115,36;1897,97;2067,4;855,56
NVDA;2020-10-01;2020-11-02;REBALANCE_ADJUST;13,56933142;12,54;-7,59;303,68;-23,05;1518,38;2348,03;832,51
SE;2020-10-01;2020-11-02;REBALANCE_ADJUST;160,16;159,83;-0,21;242,94;-0,51;1214,7;2590,46;832
AAPL;2020-11-02;2020-12-01;DROPPED_FROM_TOP;105,6095323;119,12;12,79;420,6;53,79;2102,99;1535,44;885,79
BBBY;2020-11-02;2020-12-01;REBALANCE_ADJUST;58,43838107;63,2;8,15;336,48;27,42;1682,39;1899,35;913,21
NVDA;2020-11-02;2020-12-01;REBALANCE_ADJUST;12,53901288;13,35;6,43;269,18;17,31;1345,91;2185,84;930,52
SE;2020-11-02;2020-12-01;REBALANCE_ADJUST;159,8296682;177,56;11,09;215,35;23,88;1076,73;2425,06;954,4
SE;2020-12-01;2021-01-04;REBALANCE_ADJUST;177,5573849;196,26;10,53;518,09;54,56;2590,46;1565,95;978,75
NVDA;2020-12-01;2021-01-04;REBALANCE_ADJUST;13,34557807;13,07;-2,04;414,47;-8,46;2072,37;1971,97;906,9
BBBY;2020-12-01;2021-01-04;REBALANCE_ADJUST;63,20313939;49,51;-21,67;331,58;-71,85;1657,89;2231,7;961,46
GME;2020-12-01;2021-01-04;REBALANCE_ADJUST;3,953950048;4,32;9,18;265,26;24,35;1326,32;2521,31;953
BBBY;2021-01-04;2021-02-01;REBALANCE_ADJUST;49,50945908;79,6;60,78;485,01;294,79;2425,06;1605,99;1247,79
GME;2021-01-04;2021-02-01;REBALANCE_ADJUST;4,3168125;56,31;1204,35;388,01;4673;1940,05;6667;5920,79
NVDA;2021-01-04;2021-02-01;REBALANCE_ADJUST;13,07385753;13,2;0,94;310,41;2,92;1552,04;6980,33;5923,71
SE;2021-01-04;2021-02-01;REBALANCE_ADJUST;196,2560576;233,76;19,11;248,33;47,46;1241,63;7276,11;5971,17
SE;2021-02-01;2021-03-01;REBALANCE_ADJUST;233,7635288;248,76;6,41;504,26;32,32;2521,31;3516,88;5997,84
BBBY;2021-02-01;2021-03-01;REBALANCE_ADJUST;79,59951664;73,1;-8,16;403,41;-32,92;2017,05;3887,37;6030,16
GME;2021-02-01;2021-03-01;REBALANCE_ADJUST;56,30625;30,13;-46,49;322,73;-150,04;1613,64;4060,06;5997,24
NVDA;2021-02-01;2021-03-01;DROPPED_FROM_TOP;13,19698259;13,77;4,36;258,18;11,26;1290,91;4329,5;5847,2
PYPL;2021-02-01;2021-03-01;DROPPED_FROM_TOP;240,0132262;271,01;12,91;206,55;26,67;1032,73;4562,71;5858,46
SE;2021-03-01;2021-04-01;REBALANCE_ADJUST;248,7585045;236,69;-4,85;1455,22;-70,58;7276,11;2879,75;5814,28
GME;2021-03-01;2021-04-01;REBALANCE_ADJUST;30,13010038;47,91;59,01;1164,18;686,98;5820,89;4730,91;5838,59
EQT;2021-03-01;2021-04-01;DROPPED_FROM_TOP;17,24130703;17,69;2,61;931,34;24,31;4656,71;5686,56;6525,57
BBBY;2021-03-01;2021-04-01;REBALANCE_ADJUST;73,10302878;68,77;-5,93;745,07;-44,18;3725,37;6387,45;6454,99
SE;2021-04-01;2021-05-03;REBALANCE_ADJUST;236,6864469;254,87;7,68;912,54;70,08;4562,71;3075,67;6446,84
BBBY;2021-04-01;2021-05-03;REBALANCE_ADJUST;68,76869695;82,58;20,09;730,03;146,66;3650,17;3952,36;6516,92
FOSL;2021-04-01;2021-05-03;DROPPED_FROM_TOP;12,49247954;13,11;4,92;584,03;28,73;2920,14;4565,12;6663,58
GME;2021-04-01;2021-05-03;REBALANCE_ADJUST;47,91036174;40,59;-15,28;467,22;-71,39;2336,11;4960,96;6692,31
RRC;2021-04-01;2021-05-03;DROPPED_FROM_TOP;10,62406827;10,39;-2,18;373,78;-8,15;1868,89;5326,58;6620,92
GME;2021-05-03;2021-06-01;REBALANCE_ADJUST;40,59054924;62,32;53,53;1277,49;683,84;6387,45;3706,75;6652,23
SE;2021-05-03;2021-06-01;REBALANCE_ADJUST;254,8746151;257,8;1,15;1021,99;11,75;5109,96;4740,49;6637,97
BBBY;2021-05-03;2021-06-01;REBALANCE_ADJUST;82,5825;85,75;3,83;817,59;31,31;4087,97;5589,4;7321,81
CPRI;2021-05-03;2021-06-01;DROPPED_FROM_TOP;57,46740985;56,21;-2,18;654,08;-14,26;3270,38;6229,21;7333,56
SIG;2021-05-03;2021-06-01;REBALANCE_ADJUST;59,44550596;59,53;0,14;523,26;0,73;2616,3;6753,21;7334,29
SIG;2021-06-01;2021-07-01;REBALANCE_ADJUST;59,5304984;75,36;26,59;1065,32;283,27;5326,58;3561,48;7357,81
SE;2021-06-01;2021-07-01;DROPPED_FROM_TOP;257,7975486;272,04;5,52;852,25;47,04;4261,27;4460,77;7260,01
FCX;2021-06-01;2021-07-01;REBALANCE_ADJUST;41,31649418;34,66;-16,1;681,8;-109,77;3409,01;5032,81;7307,05
GME;2021-06-01;2021-07-01;REBALANCE_ADJUST;62,31725607;51,14;-17,93;545,44;-97,8;2727,21;5480,45;7197,28
BBBY;2021-06-01;2021-07-01;REBALANCE_ADJUST;85,74566367;90,37;5,39;436,35;23,52;2181,77;5940,32;7480,55
BBBY;2021-07-01;2021-08-02;DROPPED_FROM_TOP;90,37027878;67,68;-25,11;1350,64;-339,15;6753,21;2958,02;7141,4
FCX;2021-07-01;2021-08-02;DROPPED_FROM_TOP;34,6624927;34,23;-1,26;1080,51;-13,61;5402,57;4024,92;7127,79
FOSL;2021-07-01;2021-08-02;DROPPED_FROM_TOP;14,5145;12,57;-13,41;864,41;-115,92;4322,05;4773,41;7011,87
GME;2021-07-01;2021-08-02;REBALANCE_ADJUST;51,14109015;39,45;-22,86;691,53;-158,08;3457,64;5306,86;6853,79
SIG;2021-07-01;2021-08-02;REBALANCE_ADJUST;75,35744769;61,93;-17,82;553,22;-98,58;2766,11;5761,5;6755,21
CPRI;2021-08-02;2021-09-01;REBALANCE_ADJUST;57,23718031;57,21;-0,05;1188,06;-0,59;5940,32;3075,4;6754,62
GME;2021-08-02;2021-09-01;REBALANCE_ADJUST;39,45191097;53,3;35,09;950,45;333,51;4752,26;4359,36;7088,13
PBI;2021-08-02;2021-09-01;DROPPED_FROM_TOP;6,590570746;6,18;-6,16;760,36;-46,84;3801,81;5072,89;7041,29
SIG;2021-08-02;2021-09-01;REBALANCE_ADJUST;61,9302957;76,38;23,33;608,29;141,91;3041,45;5823,09;7183,2
THC;2021-08-02;2021-09-01;DROPPED_FROM_TOP;71,28120908;74,92;5,1;486,63;24,82;2433,16;6334,54;7208,02
TPR;2021-09-01;2021-10-01;DROPPED_FROM_TOP;35,64671798;33,57;-5,82;1152,3;-67,06;5761,5;3160,94;7147,56
SIG;2021-09-01;2021-10-01;REBALANCE_ADJUST;76,38069434;77,21;1,09;921,84;10,05;4609,2;4092,82;7065,08
GME;2021-09-01;2021-10-01;REBALANCE_ADJUST;53,29574281;44,27;-16,93;737,47;-124,85;3687,36;4705,44;6940,23
FOSL;2021-09-01;2021-10-01;DROPPED_FROM_TOP;13,92390985;11,98;-13,98;589,98;-82,48;2949,89;5212,94;6950,28
CPRI;2021-09-01;2021-10-01;REBALANCE_ADJUST;57,20715153;49,88;-12,81;471,98;-60,46;2359,91;5624,46;6883,22
BBT;2021-10-01;2021-11-01;DROPPED_FROM_TOP;23,60141865;24,69;4,63;1266,91;58,66;6334,54;3168,59;6941,88
CPRI;2021-10-01;2021-11-01;DROPPED_FROM_TOP;49,87983183;55,5;11,28;1013,53;114,33;5067,63;4296,44;7056,21
GME;2021-10-01;2021-11-01;REBALANCE_ADJUST;44,27172842;50,07;13,1;810,82;106,22;4054,1;5213,48;7162,43
M;2021-10-01;2021-11-01;REBALANCE_ADJUST;19,18410291;23,82;24,16;648,66;156,72;3243,28;6018,85;7319,15
SIG;2021-10-01;2021-11-01;REBALANCE_ADJUST;77,21399294;91,47;18,46;518,93;95,79;2594,63;6633,57;7414,94
DVN;2021-11-01;2021-12-01;REBALANCE_ADJUST;33,6275194;32,71;-2,74;1124,89;-30,82;5624,46;3267,76;7384,12
GME;2021-11-01;2021-12-01;REBALANCE_ADJUST;50,07252158;45;-10,12;899,91;-91,07;4499,57;4076,6;7293,05
M;2021-11-01;2021-12-01;REBALANCE_ADJUST;23,81879889;22,78;-4,36;719,93;-31,39;3599,66;4765,14;7261,66
RIG;2021-11-01;2021-12-01;REBALANCE_ADJUST;3,76375999;2,92;-22,34;575,94;-128,67;2879,72;5212,42;7132,99
SIG;2021-11-01;2021-12-01;REBALANCE_ADJUST;91,46598551;88,19;-3,58;460,76;-16,5;2303,78;5656,68;7116,49
SIG;2021-12-01;2022-01-03;REBALANCE_ADJUST;88,1922301;88,27;0,09;1326,71;1,19;6633,57;3644,89;7122,69
RIG;2021-12-01;2022-01-03;DROPPED_FROM_TOP;2,922920076;3,12;6,64;1061,37;70,48;5306,86;4776,73;7020,73
DVN;2021-12-01;2022-01-03;REBALANCE_ADJUST;32,70654396;37,19;13,71;849,1;116,41;4245,49;5742,24;7021,92
GME;2021-12-01;2022-01-03;REBALANCE_ADJUST;45,00495908;38,25;-15,01;679,28;-101,96;3396,39;6319,56;7092,4
M;2021-12-01;2022-01-03;DROPPED_FROM_TOP;22,77955459;23,04;1,14;543,42;6,2;2717,11;6869,18;7208,81
DVN;2022-01-03;2022-02-01;REBALANCE_ADJUST;37,19014906;42,89;15,34;1131,34;173,55;5656,68;4118,5;7382,36
GME;2022-01-03;2022-02-01;REBALANCE_ADJUST;38,24820908;28,18;-26,33;905,07;-238,3;4525,35;4785,26;7144,06
HAR;2022-01-03;2022-02-01;REBALANCE_ADJUST;14214,2;8208,2;-42,25;724,06;-305,91;3620,28;5203,4;6838,15
SIG;2022-01-03;2022-02-01;REBALANCE_ADJUST;88,26813448;82,25;-6,82;579,24;-39,5;2896,22;5743,14;6798,65
DVN;2022-02-01;2022-03-01;REBALANCE_ADJUST;42,89475773;48,35;12,73;1373,84;174,89;6869,18;3901,12;6973,54
GME;2022-02-01;2022-03-01;DROPPED_FROM_TOP;28,17814962;29,73;5,49;1099,07;60,34;5495,34;5060,52;7033,88
HAR;2022-02-01;2022-03-01;DROPPED_FROM_TOP;8208,2;10389,6;26,58;879,25;233,71;4396,27;6173,48;7267,59
SIG;2022-02-01;2022-03-01;DROPPED_FROM_TOP;82,2474714;63,55;-22,74;703,4;-159,95;3517,02;6716,93;7107,64
MUR;2022-03-01;2022-04-01;DROPPED_FROM_TOP;30,43799655;35,7;17,3;1148,63;198,71;5743,14;4098,6;7128,64
EOG;2022-03-01;2022-04-01;DROPPED_FROM_TOP;95,99284672;99,88;4,05;918,9;37,22;4594,52;5054,72;7156,87
COP;2022-03-01;2022-04-01;DROPPED_FROM_TOP;82,96280852;86,14;3,84;735,12;28,23;3675,61;5818,07;7355,58
DVN;2022-03-01;2022-04-01;REBALANCE_ADJUST;48,3545425;50,08;3,57;588,1;21;2940,49;6427,16;7392,8
CF;2022-04-01;2022-05-02;REBALANCE_ADJUST;91,19505445;88,13;-3,36;1343,39;-45,14;6716,93;3404,3;7347,66
DVN;2022-04-01;2022-05-02;REBALANCE_ADJUST;50,07905506;48,42;-3,31;1074,71;-35,57;5373,55;4443,44;7312,09
HAR;2022-04-01;2022-05-02;DROPPED_FROM_TOP;10160,15;10139,85;-0,2;859,77;-1,72;4298,84;5301,48;7310,37
RRC;2022-04-01;2022-05-02;REBALANCE_ADJUST;30,3064469;28,67;-5,39;687,81;-37,07;3439,07;5952,23;7273,3
APA;2022-05-02;2022-06-01;DROPPED_FROM_TOP;35,50296628;41,55;17,03;1285,43;218,91;6427,16;3942,37;7492,21
CF;2022-05-02;2022-06-01;DROPPED_FROM_TOP;88,13359303;87,46;-0,76;1028,35;-7,82;5141,73;4962,9;7484,39
DVN;2022-05-02;2022-06-01;REBALANCE_ADJUST;48,4194343;63,46;31,07;822,68;255,61;4113,38;6041,19;7740
MUR;2022-05-02;2022-06-01;REBALANCE_ADJUST;32,20815178;37,34;15,95;658,14;104,97;3290,71;6804,3;7844,97
RRC;2022-05-02;2022-06-01;REBALANCE_ADJUST;28,67345262;33,85;18,06;526,51;95,09;2632,56;7425,9;7940,06
RRC;2022-06-01;2022-07-01;ABSOLUTE_MOMENTUM_OFF;33,85100545;24,33;-28,12;1190,45;-334,75;5952,23;8281,59;7776,16
MUR;2022-06-01;2022-07-01;ABSOLUTE_MOMENTUM_OFF;37,34402745;26,33;-29,5;952,36;-280,95;4761,78;8953;7537,54
EQT;2022-06-01;2022-07-01;ABSOLUTE_MOMENTUM_OFF;46,99362484;32,27;-31,32;761,88;-238,62;3809,42;9476,27;7256,59
DVN;2022-06-01;2022-07-01;ABSOLUTE_MOMENTUM_OFF;63,46391321;46,4;-26,89;609,51;-163,9;3047,54;9921,88;6921,84
FSLR;2023-06-01;2023-07-03;REBALANCE_ADJUST;208,9487455;191,58;-8,31;1984,38;-164,9;9921,88;3151,17;6756,94
FTI;2023-06-01;2023-07-03;REBALANCE_ADJUST;13,7540863;16,46;19,69;1587,5;312,58;7937,5;5051,25;7069,52
GE;2023-06-01;2023-07-03;REBALANCE_ADJUST;82,30818574;85,15;3,45;1270;43,82;6350;6365,06;7113,34
NFLX;2023-06-01;2023-07-03;REBALANCE_ADJUST;40,35331273;44,19;9,5;1016;96,52;5080;7477,58;7209,86
OI;2023-06-01;2023-07-03;DROPPED_FROM_TOP;20,86084015;21,89;4,92;812,8;39,99;4064;8330,37;7249,85
FSLR;2023-07-03;2023-08-01;REBALANCE_ADJUST;191,5813894;202,88;5,9;650,24;38,36;3251,2;4100,72;7288,21
FTI;2023-07-03;2023-08-01;REBALANCE_ADJUST;16,46174063;17,56;6,67;520,19;34,7;2600,96;4655,61;7322,91
GE;2023-07-03;2023-08-01;DROPPED_FROM_TOP;85,14697445;88,92;4,43;416,15;18,44;2080,77;5090,2;7341,35
NFLX;2023-07-03;2023-08-01;REBALANCE_ADJUST;44,18814501;43,91;-0,64;332,92;-2,13;1664,61;5420,99;7339,22
NVDA;2023-08-01;2023-09-01;REBALANCE_ADJUST;46,46299296;48,46;4,3;1666,07;71,64;8330,37;3514,07;7420,43
NFLX;2023-08-01;2023-09-01;DROPPED_FROM_TOP;43,90586151;43,94;0,09;1332,86;1,2;6664,3;4848,13;7332,67
FSLR;2023-08-01;2023-09-01;DROPPED_FROM_TOP;202,8826727;186,18;-8,23;1066,29;-87,76;5331,44;5826,66;7404,31
FTI;2023-08-01;2023-09-01;REBALANCE_ADJUST;17,56049454;19,23;9,52;853,03;81,21;4265,15;6760,9;7405,51
FTI;2023-09-01;2023-10-02;REBALANCE_ADJUST;19,2318324;19,67;2,3;1084,2;24,94;5420,99;3324,55;7430,45
NVDA;2023-09-01;2023-10-02;REBALANCE_ADJUST;48,46309898;44,74;-7,68;867,36;-66,61;4336,8;4125,29;7363,84
PHM;2023-09-01;2023-10-02;REBALANCE_ADJUST;81,00236156;71,92;-11,21;693,89;-77,78;3469,44;4741,39;7286,06
RCL;2023-09-01;2023-10-02;REBALANCE_ADJUST;95,10642499;89,27;-6,14;555,11;-34,08;2775,55;5262,42;7251,98
RIG;2023-09-01;2023-10-02;REBALANCE_ADJUST;8,468460038;7,89;-6,86;444,09;-30,46;2220,44;5676,04;7221,52
FTI;2023-10-02;2023-11-01;REBALANCE_ADJUST;19,67450867;21,52;9,4;1352,18;127,1;6760,9;3339,21;7348,62
NVDA;2023-10-02;2023-11-01;REBALANCE_ADJUST;44,74331464;42,29;-5,49;1081,74;-59,39;5408,72;4361,57;7289,23
PHM;2023-10-02;2023-11-01;DROPPED_FROM_TOP;71,92417013;75,71;5,27;865,39;45,61;4326,97;5272,57;7334,84
RCL;2023-10-02;2023-11-01;REBALANCE_ADJUST;89,2657131;83,01;-7,01;692,32;-48,53;3461,58;5916,35;7286,31
RIG;2023-10-02;2023-11-01;REBALANCE_ADJUST;7,887880115;6,66;-15,61;553,85;-86,46;2769,26;6383,75;7199,85
RIG;2023-11-01;2023-12-01;REBALANCE_ADJUST;6,656650095;6,57;-1,35;1135,21;-15,33;5676,04;3211,71;7175,44
RCL;2023-11-01;2023-12-01;DROPPED_FROM_TOP;83,00640065;107,58;29,6;908,17;268,82;4540,84;4388,69;7256,75
NVDA;2023-11-01;2023-12-01;REBALANCE_ADJUST;42,28843149;46,72;10,49;726,53;76,21;3632,67;5191,44;7332,96
GE;2023-11-01;2023-12-01;DROPPED_FROM_TOP;84,46011579;96,28;13,99;581,23;81,31;2906,13;5853,98;7601,78
FTI;2023-11-01;2023-12-01;REBALANCE_ADJUST;21,5239133;20,39;-5,25;464,98;-24,41;2324,91;6294,55;7586,45
AVGO;2023-12-01;2024-01-02;REBALANCE_ADJUST;90,42680039;106,02;17,24;1276,75;220,11;6383,75;3559,46;7806,56
FTI;2023-12-01;2024-01-02;DROPPED_FROM_TOP;20,39287006;19,73;-3,24;1021,4;-33,09;5107;4547,77;7773,47
NVDA;2023-12-01;2024-01-02;REBALANCE_ADJUST;46,72459922;48,13;3,01;817,12;24,6;4085,6;5389,48;7798,07
PHM;2023-12-01;2024-01-02;REBALANCE_ADJUST;89,40913641;99,95;11,79;653,7;77,07;3268,48;6120,25;7875,14
RIG;2023-12-01;2024-01-02;DROPPED_FROM_TOP;6,566559943;6,24;-4,92;522,96;-25,73;2614,78;6617,47;7849,41
ADBE;2024-01-02;2024-02-01;DROPPED_FROM_TOP;580,6500773;627,28;8,03;1258,91;101,09;6294,55;3528,42;7950,5
AVGO;2024-01-02;2024-02-01;REBALANCE_ADJUST;106,0201675;117,22;10,56;1007,13;106,35;5035,64;4641,9;8056,85
GE;2024-01-02;2024-02-01;DROPPED_FROM_TOP;99,24876204;106,49;7,3;805,7;58,82;4028,51;5506,42;8115,67
NVDA;2024-01-02;2024-02-01;REBALANCE_ADJUST;48,13061351;62,98;30,85;644,56;198,85;3222,81;6349,82;8314,52
PHM;2024-01-02;2024-02-01;REBALANCE_ADJUST;99,94781702;105,05;5,1;515,65;26,3;2578,25;6891,77;8340,82
RCL;2024-02-01;2024-03-01;REBALANCE_ADJUST;123,5896833;120,96;-2,13;1323,49;-28,19;6617,47;4118,17;8506,43
PHM;2024-02-01;2024-03-01;REBALANCE_ADJUST;105,0460956;109,46;4,2;1058,8;44,47;5293,98;5221,44;8618,92
CCL;2024-02-01;2024-03-01;DROPPED_FROM_TOP;16,63751819;15,81;-4,95;847,04;-41,93;4235,18;6026,55;8663,39
AVGO;2024-02-01;2024-03-01;REBALANCE_ADJUST;117,2172359;136,67;16,6;677,63;112,49;3388,15;6816,66;8635,2
NVDA;2024-02-01;2024-03-01;REBALANCE_ADJUST;62,97808775;82,22;30,55;542,1;165,61;2710,52;7524,38;8593,27
AVGO;2024-03-01;2024-04-01;REBALANCE_ADJUST;136,6712332;132,46;-3,08;1378,35;-42,45;6891,77;4417,89;8550,82
NVDA;2024-03-01;2024-04-01;REBALANCE_ADJUST;82,21513624;90,3;9,83;1102,68;108,39;5513,42;5628,96;8659,21
PHM;2024-03-01;2024-04-01;REBALANCE_ADJUST;109,4554078;116,77;6,68;882,15;58,93;4410,73;6570,04;8718,14
RCL;2024-03-01;2024-04-01;DROPPED_FROM_TOP;120,9613709;136,56;12,89;705,72;90,97;3528,59;7366,72;8809,11
AVGO;2024-04-01;2024-05-01;REBALANCE_ADJUST;132,4553821;121,92;-7,95;1504,88;-119,64;7524,38;3799,17;8689,47
LLY;2024-04-01;2024-05-01;REBALANCE_ADJUST;749,5465272;765,51;2,13;1203,9;25,64;6019,5;5028,71;8715,11
NVDA;2024-04-01;2024-05-01;REBALANCE_ADJUST;90,29710081;82,98;-8,1;963,12;-78,01;4815,6;5913,82;8637,1
PHM;2024-04-01;2024-05-01;DROPPED_FROM_TOP;116,7658496;110,03;-5,77;770,5;-44,46;3852,48;6639,86;8592,64
SLG;2024-05-01;2024-06-03;REBALANCE_ADJUST;45,0839641;48,37;7,28;1473,34;107,26;7366,72;3756,35;8631,02
NVDA;2024-05-01;2024-06-03;REBALANCE_ADJUST;82,98044241;114,92;38,49;1178,68;453,67;5893,38;5388,7;8683,75
NRG;2024-05-01;2024-06-03;REBALANCE_ADJUST;71,57833514;76,13;6,35;942,94;59,88;4714,7;6391,52;8743,63
LLY;2024-05-01;2024-06-03;DROPPED_FROM_TOP;765,5122451;818,99;6,99;754,35;52,73;3771,76;7198,6;9197,3
AVGO;2024-05-01;2024-06-03;REBALANCE_ADJUST;121,9198556;129,67;6,36;603,48;38,38;3017,41;7840,46;9304,56
AVGO;2024-06-03;2024-07-01;DROPPED_FROM_TOP;129,6733671;161,14;24,27;1327,97;322,3;6639,86;4219,43;9626,86
NRG;2024-06-03;2024-07-01;REBALANCE_ADJUST;76,12606833;75,65;-0,63;1062,38;-6,69;5311,89;5275,12;9620,17
NVDA;2024-06-03;2024-07-01;REBALANCE_ADJUST;114,9161395;124,22;8,1;849,9;68,84;4249,51;6193,86;9689,01
SLG;2024-06-03;2024-07-01;REBALANCE_ADJUST;48,36822041;50,38;4,16;679,92;28,28;3399,61;6902,07;9717,29
WDC;2024-06-03;2024-07-01;DROPPED_FROM_TOP;56,47234763;57,41;1,66;543,94;9,03;2719,69;7455,03;9726,32
GE;2024-07-01;2024-08-01;DROPPED_FROM_TOP;157,2407476;167,85;6,75;1568,09;105,85;7840,46;4727,52;9832,17
NRG;2024-07-01;2024-08-01;REBALANCE_ADJUST;75,64990752;71,81;-5,07;1254,47;-63,6;6272,37;5918,39;9768,57
NVDA;2024-07-01;2024-08-01;REBALANCE_ADJUST;124,2195697;109,14;-12,14;1003,58;-121,83;5017,9;6800,14;9646,74
SLG;2024-07-01;2024-08-01;REBALANCE_ADJUST;50,38140102;61,05;21,18;802,86;170,05;4014,32;7773,05;9816,79
URI;2024-07-01;2024-08-01;DROPPED_FROM_TOP;630,3997285;703,41;11,58;642,29;74,38;3211,45;8489,72;9891,17
SLG;2024-08-01;2024-09-03;REBALANCE_ADJUST;61,05424887;59,41;-2,69;1491,01;-40,11;7455,03;4232,81;9792,62
NVDA;2024-08-01;2024-09-03;REBALANCE_ADJUST;109,139319;107,93;-1,11;1192,81;-13,24;5964,03;5412,37;9873,73
NRG;2024-08-01;2024-09-03;REBALANCE_ADJUST;71,81262376;77,92;8,5;954,24;81,11;4771,22;6447,73;9860,49
MU;2024-08-01;2024-09-03;DROPPED_FROM_TOP;100,9919891;87,95;-12,91;763,4;-98,55;3816,98;7112,57;9820,38
GE;2024-09-03;2024-10-01;DROPPED_FROM_TOP;162,6986689;184,49;13,39;1697,94;227,35;8489,72;4255,94;10047,73
NRG;2024-09-03;2024-10-01;REBALANCE_ADJUST;77,91914227;90,52;16,18;1358,35;219,78;6791,77;5834,08;10267,51
NVDA;2024-09-03;2024-10-01;REBALANCE_ADJUST;107,9301032;116,93;8,34;1086,68;90,63;5433,42;7011,39;10358,14
SLG;2024-09-03;2024-10-01;DROPPED_FROM_TOP;59,41010836;64,31;8,25;869,35;71,72;4346,73;7952,46;10429,86
THC;2024-09-03;2024-10-01;REBALANCE_ADJUST;161,8116439;163,03;0,75;695,48;5,22;3477,39;8653,16;10435,08
NRG;2024-10-01;2024-11-01;REBALANCE_ADJUST;90,52299635;85,11;-5,98;1422,51;-85,07;7112,57;4172,91;10350,01
NVDA;2024-10-01;2024-11-01;REBALANCE_ADJUST;116,9342842;135,32;15,73;1138,01;179,01;5690,06;5489,93;10529,02
PBI;2024-10-01;2024-11-01;DROPPED_FROM_TOP;6,522416035;6,83;4,75;910,41;43,24;4552,04;6443,59;10572,26
SE;2024-10-01;2024-11-01;REBALANCE_ADJUST;97,58748786;95,48;-2,16;728,33;-15,73;3641,64;7156,18;10556,53
THC;2024-10-01;2024-11-01;REBALANCE_ADJUST;163,0328651;156,29;-4,14;582,66;-24,12;2913,31;7714,72;10532,41
THC;2024-11-01;2024-12-02;REBALANCE_ADJUST;156,2861349;142,17;-9,03;1730,63;-156,28;8653,16;4734,31;10549,35
SE;2024-11-01;2024-12-02;DROPPED_FROM_TOP;95,47537725;113,13;18,49;1384,5;255,99;6922,52;6374,81;10592,59
NRG;2024-11-01;2024-12-02;DROPPED_FROM_TOP;85,1132799;97,36;14,39;1107,6;159,38;5538,02;7641,79;10848,58
GE;2024-11-01;2024-12-02;DROPPED_FROM_TOP;170,3716938;178,69;4,88;886,08;43,24;4430,42;8571,12;10692,3
NVDA;2024-11-01;2024-12-02;REBALANCE_ADJUST;135,32394;138,55;2,39;708,87;16,94;3544,33;9296,93;10851,68
NVDA;2024-12-02;2025-01-02;REBALANCE_ADJUST;138,5521405;138,24;-0,22;1542,94;-3,39;7714,72;4585,97;10848,29
PBI;2024-12-02;2025-01-02;DROPPED_FROM_TOP;7,707007704;6,9;-10,49;1234,36;-129,48;6171,78;5690,84;10718,81
RCL;2024-12-02;2025-01-02;REBALANCE_ADJUST;240,4292913;223,98;-6,84;987,48;-67,54;4937,42;6610,78;10651,27
THC;2024-12-02;2025-01-02;DROPPED_FROM_TOP;142,1720288;125,09;-12,01;789,99;-94,88;3949,94;7305,89;10556,39
JEF;2025-01-02;2025-02-03;REBALANCE_ADJUST;75,82022079;71,55;-5,63;1859,39;-104,68;9296,93;4747,19;10451,71
NVDA;2025-01-02;2025-02-03;REBALANCE_ADJUST;138,2418483;116,6;-15,65;1487,51;-232,8;7437,54;6001,91;10218,91
RCL;2025-01-02;2025-02-03;DROPPED_FROM_TOP;223,9795236;254,61;13,68;1190,01;162,79;5950,03;7354,71;10381,7
SE;2025-01-02;2025-02-03;REBALANCE_ADJUST;104,9748727;122,02;16,24;952,01;154,61;4760,03;8461,32;10536,31
UAL;2025-01-02;2025-02-03;REBALANCE_ADJUST;95,52543031;104,93;9,85;761,6;75,02;3808,02;9297,94;10611,33
NVDA;2025-02-03;2025-03-03;REBALANCE_ADJUST;116,6025242;114;-2,23;1461,18;-32,58;7305,89;4475,34;10464,63
UAL;2025-02-03;2025-03-03;REBALANCE_ADJUST;104,9348318;91,76;-12,55;1168,94;-146,7;5844,71;5497,58;10474,36
JEF;2025-02-03;2025-03-03;DROPPED_FROM_TOP;71,55042945;61,41;-14,17;935,15;-132,51;4675,77;6300,22;10441,78
SE;2025-02-03;2025-03-03;REBALANCE_ADJUST;122,0219015;123,61;1,3;748,12;9,73;3740,62;7058,07;10309,27
NVDA;2025-03-03;2025-04-01;DROPPED_FROM_TOP;114,0037901;109,89;-3,61;1859,59;-67,13;9297,94;4683,44;10242,14
PBI;2025-03-03;2025-04-01;REBALANCE_ADJUST;10,2248944;8,7;-14,88;1487,67;-221,37;7438,35;5949,75;10020,77
RCL;2025-03-03;2025-04-01;DROPPED_FROM_TOP;235,8131838;203,84;-13,56;1190,14;-161,38;5950,68;6978,5;9859,39
SE;2025-03-03;2025-04-01;REBALANCE_ADJUST;123,6134879;132,59;7,26;952,11;69,12;4760,54;7999,73;9928,51
UAL;2025-03-03;2025-04-01;REBALANCE_ADJUST;91,76166817;68,27;-25,6;761,69;-194,99;3808,44;8566,43;9733,52
SE;2025-04-01;2025-05-01;REBALANCE_ADJUST;132,5924667;137,45;3,66;1411,61;51,67;7058,07;4972,09;9704,52
MMM;2025-04-01;2025-05-01;DROPPED_FROM_TOP;144,3961898;134,57;-6,8;1129,29;-76,79;5646,46;6024,59;9756,19
PBI;2025-04-01;2025-05-01;REBALANCE_ADJUST;8,703677511;8,42;-3,21;903,43;-29;4517,17;6899,02;9679,4
UAL;2025-04-01;2025-05-01;DROPPED_FROM_TOP;68,26819695;69,09;1,21;722,75;8,75;3613,73;7630,51;9688,15
SE;2025-05-01;2025-06-02;REBALANCE_ADJUST;137,4473076;165,27;20,24;1713,29;346,77;8566,43;5185,51;9776,31
PBI;2025-05-01;2025-06-02;REBALANCE_ADJUST;8,424466007;9,96;18,25;1370,63;250,14;6853,14;6806,28;9904,6
GME;2025-05-01;2025-06-02;REBALANCE_ADJUST;27,45743031;30,67;11,7;1096,5;128,29;5482,52;8031,08;10154,74
FOX;2025-05-01;2025-06-02;DROPPED_FROM_TOP;45,44051383;50,01;10,05;877,2;88,16;4386,01;8996,44;10501,51
GME;2025-06-02;2025-07-01;DROPPED_FROM_TOP;30,67063939;23,66;-22,87;1526,1;-349,02;7630,51;4125,04;10152,49
NFLX;2025-06-02;2025-07-01;DROPPED_FROM_TOP;122,0199006;129,23;5,91;1220,88;72,15;6104,41;5418,07;10224,64
PBI;2025-06-02;2025-07-01;REBALANCE_ADJUST;9,961785559;10,88;9,25;976,71;90,35;4883,53;6485,12;10314,99
SE;2025-06-02;2025-07-01;REBALANCE_ADJUST;165,2651061;150,65;-8,84;781,36;-69,07;3906,82;7197,42;10245,92
NRG;2025-07-01;2025-08-01;DROPPED_FROM_TOP;154,3504854;166,01;7,55;1799,29;135,85;8996,44;4293,58;10381,77
PBI;2025-07-01;2025-08-01;REBALANCE_ADJUST;10,88327555;10,91;0,27;1439,43;3,89;7197,15;5736,9;10385,66
PM;2025-07-01;2025-08-01;DROPPED_FROM_TOP;172,9183663;158,41;-8,39;1151,54;-96,61;5757,72;6791,83;10289,05
SE;2025-07-01;2025-08-01;REBALANCE_ADJUST;150,6505;154,36;2,47;921,24;22,75;4606,18;7735,82;10311,8
TPR;2025-07-01;2025-08-01;REBALANCE_ADJUST;85,92020021;105,06;22,28;736,99;164,2;3684,94;8637,01;10476
TPR;2025-08-01;2025-09-02;REBALANCE_ADJUST;105,0629887;101,58;-3,31;1439,48;-47,65;7197,42;4222,01;10519,1
RCL;2025-08-01;2025-09-02;REBALANCE_ADJUST;309,2763441;348,48;12,67;1151,59;145,91;5757,93;5519,5;10665,86
SE;2025-08-01;2025-09-02;REBALANCE_ADJUST;154,3642167;178,96;15,93;921,27;146,76;4606,35;6587,53;10660,26
LB;2025-08-01;2025-09-02;DROPPED_FROM_TOP;55,0733785;54,66;-0,76;737,02;-5,6;3685,08;7318,94;10612,61
PBI;2025-08-01;2025-09-02;DROPPED_FROM_TOP;10,91237356;11,71;7,31;589,61;43,1;2948,06;7951,66;10758,52
AVGO;2025-09-02;2025-10-01;DROPPED_FROM_TOP;296,8358154;331,72;11,75;1727,4;202,97;8637,01;4535,97;10961,49
NRG;2025-09-02;2025-10-01;DROPPED_FROM_TOP;143,9913817;160,34;11,35;1381,92;156,85;6909,61;6074,74;11118,34
RCL;2025-09-02;2025-10-01;REBALANCE_ADJUST;348,4759354;311,97;-10,48;1105,54;-115,86;5527,68;7064,42;11002,48
SE;2025-09-02;2025-10-01;REBALANCE_ADJUST;178,9587788;182,19;1,81;884,43;16,01;4422,15;7964,85;11018,49
TPR;2025-09-02;2025-10-01;REBALANCE_ADJUST;101,5842861;112,92;11,16;707,54;78,96;3537,72;8751,36;11097,45
FOSL;2025-10-01;2025-11-03;DROPPED_FROM_TOP;2,572569933;2,06;-20;1590,33;-318,07;7951,66;4856,82;10779,38
RCL;2025-10-01;2025-11-03;DROPPED_FROM_TOP;311,9722746;273,69;-12,27;1272,27;-156,11;6361,33;5972,98;10623,27
SE;2025-10-01;2025-11-03;DROPPED_FROM_TOP;182,1920045;157,25;-13,69;1017,81;-139,34;5089,06;6851,45;10483,93
TPR;2025-10-01;2025-11-03;REBALANCE_ADJUST;112,9216315;105,48;-6,59;814,25;-53,66;4071,25;7612,04;10430,27
UAL;2025-10-01;2025-11-03;DROPPED_FROM_TOP;93,24315153;96,01;2,97;651,4;19,35;3257;8282,79;10449,62
WDC;2025-11-03;2025-12-01;REBALANCE_ADJUST;157,9341588;163,45;3,49;1750,27;61,08;8751,36;4525,46;10507,78
TPR;2025-11-03;2025-12-01;REBALANCE_ADJUST;105,4814747;111,21;5,43;1400,22;76,03;7001,09;6001,71;10526,93
STX;2025-11-03;2025-12-01;REBALANCE_ADJUST;264,6583148;269,19;1,71;1120,17;19,15;5600,87;7141,04;10602,96
AVGO;2025-11-03;2025-12-01;REBALANCE_ADJUST;361,4612283;384,92;6,49;896,14;58,16;4480,7;8095,34;10664,04
AVGO;2025-12-01;2026-01-02;REBALANCE_ADJUST;384,9205468;347,24;-9,79;1656,56;-162,18;8282,79;4147,06;10501,86
STX;2025-12-01;2026-01-02;REBALANCE_ADJUST;269,1930574;287,33;6,74;1325,25;89,32;6626,23;5561,63;10591,18
TE;2025-12-01;2026-01-02;DROPPED_FROM_TOP;4,47446979;7,83;75,04;1060,2;795,57;5300,99;7417,4;11386,75
TPR;2025-12-01;2026-01-02;DROPPED_FROM_TOP;111,2054318;128,23;15,31;848,16;129,85;4240,79;8395,41;11516,6
WDC;2025-12-01;2026-01-02;REBALANCE_ADJUST;163,4511449;187,75;14,87;678,53;100,9;3392,63;9174,83;11617,5
AVGO;2026-01-02;2026-02-02;DROPPED_FROM_TOP;347,2391958;330,09;-4,94;1619,07;-79,98;8095,34;4545,49;11537,52
FOSL;2026-01-02;2026-02-02;DROPPED_FROM_TOP;3,823819933;3,55;-7,25;1295,25;-93,91;6476,27;5746,84;11443,61
MU;2026-01-02;2026-02-02;REBALANCE_ADJUST;315,6028547;438,05;38,8;1036,2;402,05;5181,02;7185,09;11845,66
STX;2026-01-02;2026-02-02;REBALANCE_ADJUST;287,3263459;432,63;50,57;828,96;419,21;4144,81;8433,26;12264,87
WDC;2026-01-02;2026-02-02;REBALANCE_ADJUST;187,7488559;270,3;43,97;663,17;291,6;3315,85;9388,03;12556,47
WDC;2026-02-02;2026-03-02;REBALANCE_ADJUST;270,3003648;270,15;-0,06;1834,97;-1,1;9174,83;4910,13;12660,49
STX;2026-02-02;2026-03-02;REBALANCE_ADJUST;432,6283021;379,24;-12,34;1467,97;-181,15;7339,87;6196,96;12634,75
MU;2026-02-02;2026-03-02;REBALANCE_ADJUST;438,0537661;412,91;-5,74;1174,38;-67,41;5871,89;7303,93;12453,6
LRCX;2026-02-02;2026-03-02;REBALANCE_ADJUST;237,4530056;230,95;-2,74;939,5;-25,74;4697,51;8217,69;12452,5
NEM;2026-02-02;2026-03-02;DROPPED_FROM_TOP;112,472078;128,04;13,84;751,6;104,02;3758,01;9073,31;12385,09
LRCX;2026-03-02;2026-04-01;DROPPED_FROM_TOP;230,9542953;221,79;-3,97;1877,61;-74,54;9388,03;5519,49;12310,55
MU;2026-03-02;2026-04-01;REBALANCE_ADJUST;412,9092314;368,22;-10,82;1502,08;-162,53;7510,42;6859,05;12148,02
STX;2026-03-02;2026-04-01;REBALANCE_ADJUST;379,2379594;423,54;11,68;1201,67;140,35;6008,34;8201,08;12288,37
TE;2026-03-02;2026-04-01;REBALANCE_ADJUST;6,846840153;4,48;-34,5;961,33;-331,66;4806,67;8830,75;11956,71
WDC;2026-03-02;2026-04-01;REBALANCE_ADJUST;270,150282;297,95;10,29;769,07;79,14;3845,34;9678,95;12035,85
WDC;2026-04-01;2026-05-01;REBALANCE_ADJUST;297,9500572;431,84;44,94;1814,66;815,51;9073,31;6594,67;12172,71
MU;2026-04-01;2026-05-01;REBALANCE_ADJUST;368,2178561;542,75;47,4;1451,73;688,12;7258,65;8734,52;12988,22
STX;2026-04-01;2026-05-01;REBALANCE_ADJUST;423,5431151;727,66;71,8;1161,38;833,87;5806,92;10729,78;13676,34
TE;2026-04-01;2026-05-01;DROPPED_FROM_TOP;4,484480019;5,14;14,73;929,11;136,86;4645,54;11795,75;14510,21
MU;2026-05-01;2026-06-01;REBALANCE_ADJUST;542,752232;1036,54;90,98;1935,79;1761,18;9678,95;15492,72;14924,16
STX;2026-05-01;2026-06-01;REBALANCE_ADJUST;727,6569227;922,18;26,73;1548,63;413,95;7743,16;17455,3;14867,29
FOSL;2026-05-01;2026-06-01;DROPPED_FROM_TOP;4,324320172;4,13;-4,59;1238,91;-56,87;6194,53;18637,34;16628,47
WDC;2026-05-01;2026-06-01;REBALANCE_ADJUST;431,8389087;546,6;26,58;991,12;263,44;4955,62;19891,91;16891,91
